BRNCH,ORDER,CUSNO,OTYPE,RSTAT,FDATE,DLVRCD
350,1,10000000064356,3,1,12222025,FDG
350,2,10000000037003,3,1,12222025,FDG
350,3,10000000064356,3,1,12222025,FDG
350,4,10000000064356,3,1,12222025,UPS
350,5,10000000064356,3,1,12222025,UPS
350,7,10000000064356,3,1,12222025,UP1
350,8,10000000064356,3,1,12222025,UPS
350,9,10000000064129,3,1,12222025,FDG
350,10,10000000064357,3,1,12222025,FDG
350,11,10000000064356,3,1,12222025,US1
350,12,10000000064356,3,1,12222025,US1
350,13,10000000064356,3,1,12222025,US1
350,14,10000000064356,3,1,12222025,UPS
350,16,10000000064356,3,1,12222025,UPS
350,17,10000000064356,3,1,12222025,UPS
350,18,10000000064356,3,1,12222025,UPS
350,19,10000000064356,3,1,12222025,UPS
350,20,10000000064357,3,1,12222025,FDG
350,21,10000000064356,3,1,12222025,UPS
350,23,10000000332368,3,1,12222025,S01
350,24,10000000410123,3,1,12222025,FDG
350,27,10000000064296,3,1,12222025,UPS
350,28,10000000064356,3,1,12222025,FDG
350,29,10000000064356,3,1,12222025,US1
350,30,10000000064356,3,1,12222025,FDG
350,31,10000000064357,3,1,12222025,FDG
350,32,10000000064357,3,1,12222025,FDG
350,33,10000000064356,3,1,12222025,FDG
350,34,10000000064944,3,1,12222025,FDH
350,35,10000000064357,3,1,12222025,FDG
350,36,10000000064944,3,1,12222025,FDH
350,37,10000000064273,3,1,12222025,FDH
350,38,10000000064356,3,1,12222025,UPS
350,39,10000000064357,3,1,12222025,FDG
350,40,10000000064357,3,1,12222025,FDG
350,41,10000000064357,3,1,12222025,FDG
350,42,10000000064357,3,1,12222025,FDG
350,45,10000000064102,3,1,12222025,FDH
350,46,10000000125015,3,1,12222025,FDH
350,47,10000000125015,3,1,12222025,FDH
350,48,10000000064273,3,1,12222025,FDH
350,49,10000000064273,3,1,12222025,FDH
350,50,10000000064356,3,1,12222025,FDO
350,51,10000000064356,3,1,12222025,FDG
350,52,10000000064355,3,1,12222025,UPS
350,53,10000000064355,3,1,12222025,UPS
350,54,10000000064129,3,1,12222025,FDG
350,55,10000000064356,3,1,12222025,UPS
350,56,10000000064356,3,1,12222025,DHL
350,57,10000000064906,3,1,12222025,FDH
350,58,10000000064356,3,1,12222025,FDG
350,59,10000000064357,3,1,12222025,FDG
350,60,10000000064357,3,1,12222025,FDG
350,61,10000000064018,3,1,12222025,FDH
350,62,10000000064696,3,1,12222025,FDG
350,63,10000000064906,3,1,12222025,FDH
350,64,10000000064906,3,1,12222025,FDH
350,65,10000000064129,3,1,12222025,FDG
350,66,10000000064357,3,1,12222025,FDG
350,67,10000000064356,3,1,12222025,UPS
350,68,10000000064357,3,1,12222025,FDG
350,69,10000000064356,3,1,12222025,US1
350,70,10000000064356,3,1,12222025,US1
350,71,10000000064356,3,1,12222025,FDX
350,72,10000000064356,3,1,12222025,UPS
350,73,10000000059795,3,1,12222025,FDO
350,74,10000000042203,3,1,12222025,UP1
350,75,10000000063858,3,1,12222025,FDO
350,77,10000000111216,3,1,12222025,FDG
350,78,10000000064040,3,1,12222025,FDH
350,79,10000000755072,3,1,12222025,FDG
350,80,10000000064296,3,1,12222025,UPS
350,81,10000000064311,3,1,12222025,UPS
350,82,10000000064356,3,1,12222025,UPS
350,83,10000000064356,3,1,12222025,UPS
350,84,10000000064356,3,1,12222025,UP1
350,85,10000000064747,3,1,12222025,FDH
350,86,10000000064129,3,1,12222025,FDG
350,87,10000000064357,3,1,12222025,FDG
350,88,10000000064357,3,1,12222025,FDG
350,89,10000000064356,3,1,12222025,US1
350,90,10000000064356,3,1,12222025,FDG
350,91,10000000064356,3,1,12222025,UP1
350,92,10000000064356,3,1,12222025,FDG
350,93,10000000064356,3,1,12222025,US1
350,94,10000000064356,3,1,12222025,UPS
350,95,10000000064357,3,1,12222025,FDG
350,96,10000000064018,3,1,12222025,FDH
350,97,10000000064115,3,1,12222025,UPS
350,98,10000000064906,3,1,12222025,FDH
350,99,10000000064129,3,1,12222025,FDG
350,100,10000000064356,3,1,12222025,UPS
350,101,10000000064356,3,1,12222025,FDG
350,102,10000000064356,3,1,12222025,UP1
350,103,10000000064356,3,1,12222025,FDG
350,104,10000000064356,3,1,12222025,FDG
350,105,10000000067915,3,1,12222025,FDG
350,107,10000000064102,3,1,12222025,FDH
350,108,10000000064273,3,1,12222025,FDH
350,109,10000000064906,3,1,12222025,FDH
350,110,10000000064356,3,1,12222025,UPS
350,111,10000000064356,3,1,12222025,FDG
350,112,10000000064356,3,1,12222025,FDG
350,113,10000000064357,3,1,12222025,FDG
350,114,10000000064357,3,1,12222025,FDG
350,115,10000000064357,3,1,12222025,FDG
350,116,10000000064356,3,1,12222025,UPS
350,117,10000000064356,3,1,12222025,UPS
350,118,10000000064356,3,1,12222025,UPS
350,119,10000000064357,3,1,12222025,FDG
350,120,10000000064357,3,1,12222025,FDG
350,121,10000000064356,3,1,12222025,UPS
350,122,10000000064356,3,1,12222025,FDG
350,123,10000000064296,3,1,12222025,UPS
350,124,10000000064356,3,1,12222025,UP1
350,125,10000000064356,3,1,12222025,FDG
350,126,10000000064356,3,1,12222025,UPS
350,127,10000000064357,3,1,12222025,FDG
350,128,10000000064357,3,1,12222025,FDG
350,129,10000000064356,3,1,12222025,FDG
350,130,10000000064356,3,1,12222025,FDG
350,131,10000000064357,3,1,12222025,FDG
350,132,10000000064356,3,1,12222025,US1
350,133,10000000064356,3,1,12222025,UPS
350,134,10000000064356,3,1,12222025,US1
350,135,10000000064356,3,1,12222025,US1
350,136,10000000064356,3,1,12222025,FDX
350,137,10000000064356,3,1,12222025,DHL
350,138,10000000339031,3,1,12222025,DTB
350,139,10000000064521,3,1,12222025,FDH
350,140,10000000064574,3,1,12222025,FDH
350,141,10000000064357,3,1,12222025,FDG
350,142,10000000064356,3,1,12222025,FDG
350,143,10000000064356,3,1,12222025,FDG
350,144,10000000064356,3,1,12222025,UPS
350,145,10000000064357,3,1,12222025,FDG
350,146,10000000064356,3,1,12222025,FDO
350,147,10000000064357,3,1,12222025,FDG
350,148,10000000064356,3,1,12222025,FDG
350,149,10000000064944,3,1,12222025,FDH
350,150,10000000064944,3,1,12222025,FDH
350,151,10000000064944,3,1,12222025,FDH
350,152,10000000064356,3,1,12222025,US1
350,153,10000000064356,3,1,12222025,UPS
350,154,10000000064356,3,1,12222025,FDG
350,155,10000000064357,3,1,12222025,FDG
350,156,10000000064356,3,1,12222025,UPS
350,157,10000000064356,3,1,12222025,UPS
350,158,10000000064356,3,1,12222025,UPS
350,159,10000000064944,3,1,12222025,FDH
350,160,10000000064944,3,1,12222025,FDH
350,161,10000000064356,3,1,12222025,FDG
350,5118,10000000350002,3,1,11262025,CPU
350,5119,10000000350002,3,1,11262025,CPU
350,6496,10000000441041,3,1,11262025,FDG
350,11302,10000000064356,3,1,11282025,FDG
350,11340,10000000064356,3,1,11282025,UPS
350,13058,10000000722177,3,1,11292025,R31
350,23758,10000000064356,3,1,12022025,FDG
350,26916,10000000132843,3,1,12022025,FDG
350,28171,10000000064356,3,1,12032025,FDG
350,29188,10000000340167,3,1,12032025,H01
350,29470,10000000049688,3,1,12032025,FDG
350,33862,10000000124155,3,1,12042025,FPO
350,34324,10000000088483,3,1,12042025,FPO
350,35548,10000000406199,3,1,12042025,FDG
350,39010,10000000133691,3,1,12052025,009
350,51170,10000000723233,3,1,12092025,R37
350,53514,10000000134538,3,3,10222025,DTB
350,55137,10000000081496,3,1,12102025,UPS
350,56158,10000000350053,3,1,12102025,CPU
350,61918,10000000047115,3,1,12112025,FDO
350,63636,10000000087571,3,1,12122025,FDG
350,64324,10000000019347,3,1,12122025,FDG
350,68574,10000000064356,3,1,12142025,FDG
350,72813,10000000755018,3,1,12152025,R31
350,73188,10000000433015,3,1,12152025,FPO
350,76883,10000000081692,3,1,12162025,FPO
350,77793,10000000350002,3,1,12162025,CPU
350,80970,10000000331480,3,1,12172025,S01
350,81483,10000000713743,3,1,11202025,FDG
350,85124,10000000350383,3,1,12182025,S01
350,85382,10000000066999,3,1,12152025,FDG
350,86960,10000000350010,3,1,12182025,CPU
350,88475,10000000037073,3,1,11222025,DTB
350,90343,10000000064356,3,1,12192025,FDG
350,91111,10000000064906,3,1,12202025,FDH
350,92091,10000000339196,3,1,12202025,DTB
350,92383,10000000064356,3,1,12202025,FDX
350,94160,10000000064356,3,1,12212025,D5S
350,94795,10000000064356,3,1,12212025,FDG
350,95072,10000000064630,3,1,12212025,EXP
350,95386,10000000064356,3,1,12212025,US1
350,95807,10000000064356,3,1,12212025,FDG
350,95814,10000000064356,3,1,12212025,FDG
350,96337,10000000064356,3,1,12222025,FDG
350,96383,10000000064357,3,1,12222025,FDG
350,96402,10000000064017,3,1,12222025,FDH
350,96403,10000000064521,3,1,12222025,FDH
350,96408,10000000064521,3,1,12222025,FDH
350,96448,10000000064273,3,1,12222025,FDH
350,96474,10000000064521,3,1,12222025,FDH
350,96585,10000000064521,3,1,12222025,FDH
350,96601,10000000064521,3,1,12222025,FDH
350,96616,10000000064521,3,1,12222025,FDH
350,96617,10000000064521,3,1,12222025,FDH
350,96628,10000000064311,3,1,12222025,UPS
350,96660,10000000064357,3,1,12222025,FDG
350,96688,10000000064357,3,1,12222025,FDG
350,96711,10000000064521,3,1,12222025,FDH
350,96722,10000000064311,3,1,12222025,UPS
350,96751,10000000064937,3,1,12222025,UPS
350,96768,10000000064521,3,1,12222025,FDH
350,96781,10000000064311,3,1,12222025,UPS
350,96782,10000000064311,3,1,12222025,UPS
350,96811,10000000064859,3,1,12222025,FDG
350,96874,10000000064357,3,1,12222025,FDG
350,96885,10000000064357,3,1,12222025,FDG
350,96910,10000000065041,3,1,12222025,FDG
350,96998,10000000003296,3,1,12222025,S01
350,97030,10000000064357,3,1,12222025,FDG
350,97053,10000000064311,3,1,12222025,UGA
350,97061,10000000064356,3,1,12222025,UPS
350,97086,10000000350002,3,1,12222025,A01
350,97107,10000000064357,3,1,12222025,FDG
350,97133,10000000064356,3,1,12222025,FDG
350,97178,10000000081523,3,1,12222025,FDG
350,97320,10000000064439,3,1,12222025,UPS
350,97327,10000000064439,3,1,12222025,UPS
350,97494,10000000064357,3,1,12222025,FDG
350,97500,10000000066999,3,1,11242025,FDG
350,97545,10000000064357,3,1,12222025,FDG
350,97554,10000000066660,3,1,12222025,FDG
350,97629,10000000064273,3,1,12222025,FDH
350,97663,10000000064658,3,1,12222025,FDH
350,97675,10000000064859,3,1,12222025,FDG
350,97714,10000000064356,3,1,12222025,UPS
350,97724,10000000064707,3,1,12222025,UPS
350,97729,10000000438031,3,1,11242025,FDG
350,97736,10000000064296,3,1,12222025,UPS
350,97756,10000000064597,3,1,12222025,FDH
350,97821,10000000064372,3,1,12222025,UPS
350,97859,10000000410123,3,1,12222025,FDG
350,97870,10000000064102,3,1,12222025,FDH
350,97925,10000000064521,3,1,12222025,FDH
350,97977,10000000064356,3,1,12222025,FDG
350,98085,10000000064356,3,1,12222025,FDG
350,98123,10000000064357,3,1,12222025,FDG
350,98141,10000000064357,3,1,12222025,FDG
350,98164,10000000064357,3,1,12222025,FDG
350,98193,10000000064195,3,1,12222025,UPS
350,98238,10000000064195,3,1,12222025,UPS
350,98254,10000000064163,3,1,12222025,FDH
350,98260,10000000064357,3,1,12222025,FDG
350,98266,10000000064357,3,1,12222025,FDG
350,98304,10000000064357,3,1,12222025,FDG
350,98313,10000000064356,3,1,12222025,UPS
350,98342,10000000064574,3,1,12222025,FDH
350,98362,10000000064102,3,1,12222025,FDH
350,98368,10000000066999,3,1,12222025,FDG
350,98386,10000000064102,3,1,12222025,FDH
350,98440,10000000064357,3,1,12222025,FDG
350,98459,10000000064357,3,1,12222025,FDG
350,98475,10000000064290,3,1,12222025,FDG
350,98509,10000000064356,3,1,12222025,FDG
350,98537,10000000064441,3,1,12222025,FDH
350,98540,10000000064356,3,1,12222025,UPS
350,98541,10000000064357,3,1,12222025,FDG
350,98579,10000000064357,3,1,12222025,FDG
350,98584,10000000064356,3,1,12222025,UPS
350,98590,10000000064356,3,1,12222025,FDG
350,98630,10000000064357,3,1,12222025,FDG
350,98638,10000000064356,3,1,12222025,FDG
350,98650,10000000064115,3,1,12222025,UPS
350,98678,10000000064357,3,1,12222025,FDG
350,98688,10000000064163,3,1,12222025,FDH
350,98715,10000000064906,3,1,12222025,FDH
350,98724,10000000064357,3,1,12222025,FDG
350,98726,10000000064357,3,1,12222025,FDG
350,98769,10000000064574,3,1,12222025,FDH
350,98778,10000000064356,3,1,12222025,FDG
350,98793,10000000064357,3,1,12222025,FDG
350,98796,10000000064357,3,1,12222025,FDG
350,98831,10000000064356,3,1,12222025,DHL
350,98840,10000000064356,3,1,12222025,FDG
350,98860,10000000064356,3,1,12222025,UPS
350,98862,10000000064704,3,1,12222025,UPS
350,98863,10000000064944,3,1,12222025,FDH
350,98898,10000000064163,3,1,12222025,FDH
350,98900,10000000064311,3,1,12222025,UPS
350,98941,10000000064356,3,1,12222025,FDG
350,98946,10000000064102,3,1,12222025,FDH
350,98972,10000000335063,3,1,12222025,DTB
350,98976,10000000064356,3,1,12222025,FDG
350,98988,10000000064356,3,1,12222025,FDG
350,99008,10000000066256,3,1,12222025,DTB
350,99012,10000000064357,3,1,12222025,FDG
350,99013,10000000064055,3,1,12222025,FDH
350,99014,10000000064273,3,1,12222025,FDH
350,99022,10000000064357,3,1,12222025,FDG
350,99030,10000000064859,3,1,12222025,UPS
350,99031,10000000722312,3,1,12222025,DTB
350,99042,10000000064102,3,1,12222025,FDH
350,99044,10000000064357,3,1,12222025,FDG
350,99050,10000000064944,3,1,12222025,FDH
350,99057,10000000064357,3,1,12222025,FDG
350,99067,10000000066999,3,1,12222025,FDG
350,99080,10000000064906,3,1,12222025,FDH
350,99083,10000000064356,3,1,12222025,UPS
350,99085,10000000064357,3,1,12222025,FDG
350,99088,10000000064163,3,1,12222025,FDH
350,99091,10000000064163,3,1,12222025,FDH
350,99093,10000000064129,3,1,12222025,FDG
350,99098,10000000064356,3,1,12222025,FDG
350,99100,10000000064356,3,1,12222025,US1
350,99103,10000000064356,3,1,12222025,FDG
350,99106,10000000064357,3,1,12222025,FDG
350,99110,10000000064356,3,1,12222025,FDG
350,99111,10000000064357,3,1,12222025,FDG
350,99112,10000000064357,3,1,12222025,FDG
350,99113,10000000064357,3,1,12222025,FDG
350,99115,10000000049666,3,1,12222025,UPS
350,99120,10000000334284,3,1,12222025,DTB
350,99127,10000000064163,3,1,12222025,FDH
350,99132,10000000064356,3,1,12222025,FDG
350,99139,10000000064069,3,1,12222025,UPS
350,99141,10000000064069,3,1,12222025,UPS
350,99147,10000000064357,3,1,12222025,FDG
350,99148,10000000064356,3,1,12222025,FDG
350,99150,10000000066999,3,1,12222025,FDG
350,99154,10000000025388,3,1,12222025,DTB
350,99156,10000000335516,3,1,12222025,DTB
350,99162,10000000064944,3,1,12222025,FDH
350,99165,10000000064356,3,1,12222025,FDG
350,99167,10000000064356,3,1,12222025,FDG
350,99171,10000000064357,3,1,12222025,FDG
350,99173,10000000064356,3,1,12222025,UPS
350,99176,10000000064357,3,1,12222025,FDG
350,99182,10000000064311,3,1,12222025,UPS
350,99183,10000000064129,3,1,12222025,FDG
350,99184,10000000064129,3,1,12222025,FDG
350,99187,10000000064357,3,1,12222025,FDG
350,99188,10000000064357,3,1,12222025,FDG
350,99190,10000000064833,3,1,12222025,UGA
350,99194,10000000431420,3,1,12222025,UPS
350,99203,10000000064357,3,1,12222025,FDG
350,99206,10000000064129,3,1,12222025,FDG
350,99207,10000000064356,3,1,12222025,UP1
350,99210,10000000064356,3,1,12222025,FDG
350,99211,10000000064357,3,1,12222025,FDG
350,99213,10000000064357,3,1,12222025,FDG
350,99216,10000000064356,3,1,12222025,UPS
350,99221,10000000064357,3,1,12222025,FDG
350,99222,10000000064129,3,1,12222025,FDG
350,99223,10000000064129,3,1,12222025,FDG
350,99225,10000000064129,3,1,12222025,FDG
350,99226,10000000064357,3,1,12222025,FDG
350,99227,10000000064357,3,1,12222025,FDG
350,99230,10000000064356,3,1,12222025,FDG
350,99231,10000000064356,3,1,12222025,FDG
350,99232,10000000064357,3,1,12222025,FDG
350,99234,10000000064273,3,1,12222025,FDH
350,99235,10000000064129,3,1,12222025,FDG
350,99236,10000000064356,3,1,12222025,FDG
350,99237,10000000064356,3,1,12222025,UPS
350,99240,10000000064356,3,1,12222025,UPS
350,99245,10000000064357,3,1,12222025,FDG
350,99248,10000000725128,3,1,12222025,DTB
350,99257,10000000298091,3,1,12222025,FDG
350,99261,10000000064356,3,1,12222025,UPS
350,99262,10000000064357,3,1,12222025,FDG
350,99263,10000000064357,3,1,12222025,FDG
350,99268,10000000064355,3,1,12222025,UPS
350,99271,10000000064355,3,1,12222025,UPS
350,99275,10000000064356,3,1,12222025,UP1
350,99276,10000000064356,3,1,12222025,UPS
350,99277,10000000064356,3,1,12222025,UPS
350,99279,10000000064357,3,1,12222025,FDG
350,99280,10000000064357,3,1,12222025,FDG
350,99282,10000000064311,3,1,12222025,UGA
350,99283,10000000064129,3,1,12222025,FDG
350,99289,10000000064357,3,1,12222025,FDG
350,99300,10000000066510,3,1,12222025,DTB
350,99303,10000000064129,3,1,12222025,FDG
350,99305,10000000064356,3,1,12222025,FDG
350,99318,10000000064129,3,1,12222025,FDG
350,99319,10000000064129,3,1,12222025,FDG
350,99323,10000000064356,3,1,12222025,UP1
350,99325,10000000064357,3,1,12222025,FDG
350,99326,10000000064357,3,1,12222025,FDG
350,99328,10000000335160,3,1,12222025,DTB
350,99330,10000000064859,3,1,12222025,UPS
350,99344,10000000064356,3,1,12222025,FDG
350,99346,10000000064356,3,1,12222025,UPS
350,99351,10000000064357,3,1,12222025,FDG
350,99352,10000000064356,3,1,12222025,UPS
350,99356,10000000064357,3,1,12222025,FDG
350,99357,10000000064597,3,1,12222025,FDH
350,99358,10000000064055,3,1,12222025,FDH
350,99361,10000000064129,3,1,12222025,FDG
350,99362,10000000064356,3,1,12222025,FDG
350,99364,10000000064356,3,1,12222025,UPS
350,99365,10000000064357,3,1,12222025,FDG
350,99371,10000000064356,3,1,12222025,FDG
350,99372,10000000064357,3,1,12222025,FDG
350,99373,10000000064357,3,1,12222025,FDG
350,99376,10000000064356,3,1,12222025,UPS
350,99377,10000000064356,3,1,12222025,FDG
350,99378,10000000064356,3,1,12222025,FDG
350,99381,10000000334050,3,1,12222025,DTB
350,99385,10000000075214,3,1,12222025,DTB
350,99389,10000000014661,3,1,12222025,DTB
350,99395,10000000064944,3,1,12222025,FDH
350,99398,10000000064715,3,1,12222025,UPS
350,99401,10000000064356,3,1,12222025,FDG
350,99406,10000000064356,3,1,12222025,UPS
350,99412,10000000064311,3,1,12222025,UPS
350,99414,10000000064129,3,1,12222025,FDG
350,99415,10000000064356,3,1,12222025,DHL
350,99417,10000000064129,3,1,12222025,FDG
350,99418,10000000064356,3,1,12222025,UPS
350,99421,10000000064357,3,1,12222025,FDG
350,99422,10000000064356,3,1,12222025,US1
350,99428,10000000064356,3,1,12222025,FDG
350,99432,10000000064356,3,1,12222025,UPS
350,99433,10000000064356,3,1,12222025,UPS
350,99434,10000000064356,3,1,12222025,UPS
350,99436,10000000064356,3,1,12222025,FDX
350,99439,10000000064356,3,1,12222025,FDG
350,99440,10000000064356,3,1,12222025,FDG
350,99456,10000000014074,3,1,12222025,DTB
350,99460,10000000064357,3,1,12222025,FDG
350,99461,10000000064357,3,1,12222025,FDG
350,99462,10000000064357,3,1,12222025,FDG
350,99463,10000000064273,3,1,12222025,FDH
350,99468,10000000064356,3,1,12222025,UPS
350,99470,10000000064357,3,1,12222025,FDG
350,99473,10000000051535,3,1,12222025,FDG
350,99476,10000000344277,3,1,12222025,DTB
350,99477,10000000080645,3,1,12222025,FDG
350,99482,10000000064568,3,1,12222025,DTB
350,99483,10000000066999,3,1,12222025,UPS
350,99485,10000000064311,3,1,12222025,UPS
350,99489,10000000064356,3,1,12222025,FDX
350,99495,10000000064356,3,1,12222025,FDG
350,99496,10000000064356,3,1,12222025,UPS
350,99499,10000000064357,3,1,12222025,FDG
350,99501,10000000064356,3,1,12222025,UPS
350,99502,10000000064356,3,1,12222025,UPS
350,99504,10000000064715,3,1,12222025,UPS
350,99505,10000000064129,3,1,12222025,FDG
350,99507,10000000064356,3,1,12222025,DHL
350,99508,10000000064357,3,1,12222025,FDG
350,99509,10000000064357,3,1,12222025,FDG
350,99511,10000000064356,3,1,12222025,UPS
350,99521,10000000127048,3,1,12222025,DTB
350,99524,10000000132389,3,1,12222025,DTB
350,99526,10000000064356,3,1,12222025,FDG
350,99527,10000000064357,3,1,12222025,FDG
350,99529,10000000064357,3,1,12222025,FDG
350,99531,10000000064357,3,1,12222025,FDG
350,99532,10000000064357,3,1,12222025,FDG
350,99537,10000000064355,3,1,12222025,UPS
350,99538,10000000064129,3,1,12222025,FDG
350,99539,10000000064356,3,1,12222025,FDG
350,99541,10000000064311,3,1,12222025,UPS
350,99543,10000000064356,3,1,12222025,UPS
350,99545,10000000064129,3,1,12222025,FDG
350,99546,10000000064129,3,1,12222025,FDG
350,99547,10000000064357,3,1,12222025,FDG
350,99548,10000000064356,3,1,12222025,FDG
350,99554,10000000003531,3,1,12222025,DTB
350,99555,10000000349036,3,1,12222025,DTB
350,99559,10000000723233,3,1,12222025,DTB
350,99563,10000000064356,3,1,12222025,US1
350,99564,10000000064311,3,1,12222025,UPS
350,99566,10000000064129,3,1,12222025,FDG
350,99567,10000000064356,3,1,12222025,UPS
350,99572,10000000064356,3,1,12222025,FDG
350,99573,10000000064356,3,1,12222025,FDG
350,99575,10000000064356,3,1,12222025,FDG
350,99576,10000000064559,3,1,12222025,FDG
350,99578,10000000064356,3,1,12222025,FDG
350,99581,10000000064356,3,1,12222025,FDG
350,99582,10000000064357,3,1,12222025,FDG
350,99583,10000000064357,3,1,12222025,FDG
350,99598,10000000081545,3,1,12222025,DTB
350,99599,10000000064696,3,1,12222025,FDG
350,99600,10000000064311,3,1,12222025,UPS
350,99601,10000000064906,3,1,12222025,FDH
350,99602,10000000064129,3,1,12222025,FDG
350,99603,10000000064129,3,1,12222025,FDG
350,99604,10000000064129,3,1,12222025,FDG
350,99608,10000000064356,3,1,12222025,UPS
350,99609,10000000064357,3,1,12222025,FDG
350,99610,10000000064055,3,1,12222025,US1
350,99611,10000000064129,3,1,12222025,FDG
350,99612,10000000064129,3,1,12222025,FDG
350,99614,10000000064356,3,1,12222025,FDG
350,99615,10000000064356,3,1,12222025,FDG
350,99617,10000000064357,3,1,12222025,FDG
350,99618,10000000064357,3,1,12222025,FDG
350,99619,10000000064906,3,1,12222025,FDH
350,99620,10000000064129,3,1,12222025,FDG
350,99621,10000000064129,3,1,12222025,FDG
350,99622,10000000064356,3,1,12222025,UPS
350,99624,10000000064356,3,1,12222025,FDG
350,99625,10000000064356,3,1,12222025,UPS
350,99626,10000000064357,3,1,12222025,FDG
350,99627,10000000064357,3,1,12222025,FDG
350,99628,10000000064357,3,1,12222025,FDG
350,99630,10000000064356,3,1,12222025,FDG
350,99631,10000000064356,3,1,12222025,FDG
350,99633,10000000066365,3,1,12222025,FDG
350,99637,10000000352403,3,1,12222025,DTB
350,99640,10000000070005,3,1,12222025,DTB
350,99641,10000000313191,3,1,12222025,DTB
350,99644,10000000064700,3,1,12222025,FDG
350,99647,10000000065710,3,1,12222025,FDG
350,99654,10000000064357,3,1,12222025,FDG
350,99656,10000000064311,3,1,12222025,UPS
350,99657,10000000064273,3,1,12222025,FDH
350,99658,10000000064273,3,1,12222025,FDH
350,99661,10000000064129,3,1,12222025,FDG
350,99662,10000000064129,3,1,12222025,FDG
350,99663,10000000064129,3,1,12222025,FDG
350,99664,10000000064129,3,1,12222025,FDG
350,99666,10000000064357,3,1,12222025,FDG
350,99668,10000000064356,3,1,12222025,UPS
350,99670,10000000064357,3,1,12222025,FDG
350,99672,10000000025066,3,1,12222025,DTB
350,99674,10000000055745,3,1,12222025,DTB
350,99675,10000000044257,3,1,12222025,FDG
350,99676,10000000066503,3,1,12222025,DTB
350,99677,10000000016945,3,1,12222025,DTB
350,99681,10000000064356,3,1,12222025,UPS
350,99682,10000000064357,3,1,12222025,FDG
350,99683,10000000064356,3,1,12222025,UPS
350,99689,10000000064356,3,1,12222025,UP1
350,99691,10000000064521,3,1,12222025,FDH
350,99692,10000000064521,3,1,12222025,FDH
350,99693,10000000064356,3,1,12222025,UPS
350,99694,10000000064311,3,1,12222025,UPS
350,99699,10000000064357,3,1,12222025,FDG
350,99700,10000000064357,3,1,12222025,FDG
350,99701,10000000064356,3,1,12222025,UPS
350,99704,10000000064356,3,1,12222025,UPS
350,99705,10000000064357,3,1,12222025,FDG
350,99706,10000000064357,3,1,12222025,FDG
350,99707,10000000064278,3,1,12222025,FDH
350,99708,10000000064102,3,1,12222025,FDH
350,99709,10000000064565,3,1,12222025,FDH
350,99712,10000000064944,3,1,12222025,FDH
350,99716,10000000064356,3,1,12222025,UPS
350,99717,10000000064357,3,1,12222025,FDG
350,99719,10000000066794,3,1,12222025,DTB
350,99720,10000000066819,3,1,12222025,DTB
350,99722,10000000132320,3,1,12222025,DTB
350,99723,10000000064944,3,1,12222025,FDH
350,99724,10000000064356,3,1,12222025,FDG
350,99725,10000000064357,3,1,12222025,FDG
350,99726,10000000064356,3,1,12222025,FDG
350,99727,10000000064357,3,1,12222025,FDG
350,99728,10000000064357,3,1,12222025,FDG
350,99729,10000000064356,3,1,12222025,UPS
350,99730,10000000064357,3,1,12222025,FDG
350,99731,10000000064357,3,1,12222025,FDG
350,99732,10000000064357,3,1,12222025,FDG
350,99733,10000000064069,3,1,12222025,UPS
350,99736,10000000064356,3,1,12222025,UPS
350,99739,10000000755072,3,1,12222025,FDG
350,99740,10000000755072,3,1,12222025,FDG
350,99741,10000000064115,3,1,12222025,UPS
350,99742,10000000064129,3,1,12222025,FDG
350,99744,10000000064356,3,1,12222025,UPS
350,99747,10000000064357,3,1,12222025,FDG
350,99749,10000000025321,3,1,12222025,DTB
350,99751,10000000028186,3,1,12222025,FDG
350,99752,10000000081520,3,1,12222025,DTB
350,99754,10000000339002,3,1,12222025,DTB
350,99755,10000000345691,3,1,12222025,DTB
350,99758,10000000081520,3,1,12222025,CPU
350,99759,10000000085411,3,1,12222025,FDG
350,99760,10000000064356,3,1,12222025,US1
350,99763,10000000064906,3,1,12222025,FDH
350,99765,10000000064357,3,1,12222025,FDG
350,99766,10000000064356,3,1,12222025,UPS
350,99768,10000000064356,3,1,12222025,UPS
350,99769,10000000064355,3,1,12222025,UPS
350,99770,10000000064129,3,1,12222025,FDG
350,99771,10000000064356,3,1,12222025,FDG
350,99772,10000000064357,3,1,12222025,FDG
350,99773,10000000064357,3,1,12222025,FDG
350,99774,10000000064356,3,1,12222025,FDG
350,99776,10000000034605,3,1,12222025,FPO
350,99777,10000000064859,3,1,12222025,FDG
350,99778,10000000066786,3,1,12222025,DTB
350,99779,10000000700781,3,1,12222025,FDG
350,99781,10000000064356,3,1,12222025,FDG
350,99785,10000000064357,3,1,12222025,FDG
350,99786,10000000064521,3,1,12222025,FDH
350,99787,10000000064630,3,1,12222025,EXP
350,99788,10000000064357,3,1,12222025,FDG
350,99789,10000000064356,3,1,12222025,DHL
350,99790,10000000064356,3,1,12222025,FDG
350,99792,10000000064357,3,1,12222025,FDG
350,99793,10000000064356,3,1,12222025,FDG
350,99794,10000000064356,3,1,12222025,FDG
350,99797,10000000064356,3,1,12222025,FDG
350,99798,10000000755072,3,1,12222025,FDG
350,99802,10000000064357,3,1,12222025,FDG
350,99804,10000000064357,3,1,12222025,FDG
350,99805,10000000037004,3,1,12222025,FDG
350,99806,10000000034611,3,1,12222025,FDG
350,99807,10000000077031,3,1,12222025,DTB
350,99808,10000000065799,3,1,12222025,FDG
350,99810,10000000113301,3,1,12222025,FDO
350,99812,10000000064102,3,1,12222025,FDH
350,99813,10000000064906,3,1,12222025,FDH
350,99815,10000000064356,3,1,12222025,US1
350,99818,10000000064055,3,1,12222025,US1
350,99819,10000000064311,3,1,12222025,UPS
350,99820,10000000064944,3,1,12222025,FDH
350,99821,10000000064944,3,1,12222025,FDH
350,99822,10000000064356,3,1,12222025,UPS
350,99825,10000000064906,3,1,12222025,FDH
350,99826,10000000064129,3,1,12222025,FDG
350,99827,10000000064357,3,1,12222025,FDG
350,99829,10000000064357,3,1,12222025,FDG
350,99831,10000000064357,3,1,12222025,FDG
350,99832,10000000064357,3,1,12222025,FDG
350,99833,10000000064357,3,1,12222025,FDG
350,99834,10000000064357,3,1,12222025,FDG
350,99835,10000000064357,3,1,12222025,FDG
350,99838,10000000064356,3,1,12222025,UPS
350,99841,10000000064356,3,1,12222025,UPS
350,99844,10000000011892,3,1,12222025,DTB
350,99845,10000000064711,3,1,12222025,UGA
350,99846,10000000068597,3,1,12222025,DTB
350,99847,10000000020045,3,1,12222025,FDO
350,99848,10000000081520,3,1,12222025,DTB
350,99850,10000000064906,3,1,12222025,FDH
350,99851,10000000064129,3,1,12222025,FDG
350,99852,10000000064356,3,1,12222025,FDG
350,99853,10000000064849,3,1,12222025,USP
350,99854,10000000064356,3,1,12222025,FDX
350,99855,10000000064356,3,1,12222025,DHL
350,99857,10000000064356,3,1,12222025,UPS
350,99858,10000000064356,3,1,12222025,UPS
350,99859,10000000064356,3,1,12222025,FDG
350,99860,10000000066999,3,1,12222025,FPO
350,99861,10000000064574,3,1,12222025,FDH
350,99862,10000000064574,3,1,12222025,FDH
350,99863,10000000064574,3,1,12222025,FDH
350,99865,10000000064356,3,1,12222025,FDG
350,99866,10000000064357,3,1,12222025,FDG
350,99867,10000000064356,3,1,12222025,UP1
350,99868,10000000064356,3,1,12222025,UPS
350,99869,10000000064356,3,1,12222025,UPS
350,99871,10000000064356,3,1,12222025,FDG
350,99872,10000000064356,3,1,12222025,FDG
350,99873,10000000064356,3,1,12222025,UP1
350,99874,10000000064886,3,1,12222025,USP
350,99875,10000000064886,3,1,12222025,USP
350,99876,10000000064356,3,1,12222025,UPS
350,99877,10000000064574,3,1,12222025,FDH
350,99878,10000000064944,3,1,12222025,FDH
350,99879,10000000064944,3,1,12222025,FDH
350,99881,10000000064356,3,1,12222025,UPS
350,99883,10000000064356,3,1,12222025,UPS
350,99884,10000000064357,3,1,12222025,FDG
350,99886,10000000064944,3,1,12222025,FDH
350,99887,10000000064906,3,1,12222025,FDH
350,99889,10000000064356,3,1,12222025,FDG
350,99890,10000000064357,3,1,12222025,FDG
350,99892,10000000064357,3,1,12222025,FDG
350,99894,10000000064356,3,1,12222025,FDG
350,99895,10000000064356,3,1,12222025,FDG
350,99896,10000000043910,3,1,12222025,FDG
350,99897,10000000050963,3,1,12222025,FDG
350,99898,10000000273337,3,1,12222025,UPS
350,99899,10000000064273,3,1,12222025,FDH
350,99900,10000000064273,3,1,12222025,FDH
350,99901,10000000064906,3,1,12222025,FDH
350,99902,10000000064129,3,1,12222025,FDG
350,99903,10000000064356,3,1,12222025,DHL
350,99905,10000000064356,3,1,12222025,FDG
350,99906,10000000064357,3,1,12222025,FDG
350,99908,10000000064356,3,1,12222025,UPS
350,99909,10000000064357,3,1,12222025,FDG
350,99911,10000000064356,3,1,12222025,FDG
350,99914,10000000042149,3,1,12222025,UPS
350,99915,10000000066999,3,1,12222025,FDG
350,99916,10000000334075,3,1,12222025,DTB
350,99917,10000000020203,3,1,12222025,DTB
350,99921,10000000064357,3,1,12222025,FDG
350,99922,10000000064311,3,1,12222025,UPS
350,99923,10000000064311,3,1,12222025,UPS
350,99924,10000000064944,3,1,12222025,FDH
350,99925,10000000064944,3,1,12222025,FDH
350,99926,10000000064944,3,1,12222025,FDH
350,99927,10000000064356,3,1,12222025,UPS
350,99928,10000000064906,3,1,12222025,FDH
350,99929,10000000064129,3,1,12222025,FDG
350,99930,10000000064357,3,1,12222025,FDG
350,99932,10000000064357,3,1,12222025,FDG
350,99934,10000000064357,3,1,12222025,FDG
350,99935,10000000064944,3,1,12222025,FDH
350,99936,10000000064906,3,1,12222025,FDH
350,99937,10000000064355,3,1,12222025,UPS
350,99938,10000000064355,3,1,12222025,UPS
350,99940,10000000064356,3,1,12222025,FDG
350,99942,10000000064357,3,1,12222025,FDG
350,99943,10000000064357,3,1,12222025,FDG
350,99944,10000000064356,3,1,12222025,FDG
350,99945,10000000064356,3,1,12222025,UPS
350,99946,10000000454367,3,1,12222025,UPS
350,99947,10000000134528,3,1,12222025,FPO
350,99948,10000000064102,3,1,12222025,FDH
350,99949,10000000064906,3,1,12222025,FDH
350,99950,10000000064129,3,1,12222025,FDG
350,99951,10000000064356,3,1,12222025,FDG
350,99954,10000000064357,3,1,12222025,FDG
350,99955,10000000064574,3,1,12222025,FDH
350,99956,10000000064357,3,1,12222025,FDG
350,99958,10000000064273,3,1,12222025,FDH
350,99960,10000000064069,3,1,12222025,UPS
350,99961,10000000064129,3,1,12222025,FDG
350,99962,10000000064356,3,1,12222025,UPS
350,99963,10000000064357,3,1,12222025,FDG
350,99967,10000000064357,3,1,12222025,FDG
350,99969,10000000064296,3,1,12222025,UPS
350,99971,10000000064273,3,1,12222025,FDG
350,99972,10000000064356,3,1,12222025,UPS
350,99975,10000000064357,3,1,12222025,FDG
350,99976,10000000064357,3,1,12222025,FDG
350,99977,10000000064356,3,1,12222025,FDG
350,99979,10000000064356,3,1,12222025,US1
350,99980,10000000064356,3,1,12222025,FDG
350,99981,10000000064357,3,1,12222025,FDG
350,99982,10000000064356,3,1,12222025,UPS
350,99983,10000000064357,3,1,12222025,FDG
350,99985,10000000064357,3,1,12222025,FDG
350,99986,10000000064630,3,1,12222025,EXP
350,99987,10000000064355,3,1,12222025,UPS
350,99988,10000000064129,3,1,12222025,FDG
350,99990,10000000064356,3,1,12222025,UPS
350,99991,10000000064356,3,1,12222025,FDG
350,99992,10000000064356,3,1,12222025,UPS
350,99993,10000000064356,3,1,12222025,FDG
350,99994,10000000064356,3,1,12222025,UPS
350,99995,10000000064357,3,1,12222025,FDG
350,99996,10000000064356,3,1,12222025,FDG
350,99998,10000000335041,3,1,12222025,DTB
350,99999,10000000106595,3,1,12222025,FPO
