OCO,OWHSE,OBR,ONO
1,350,350,2
1,350,350,3
1,350,350,4
1,350,350,5
1,350,350,7
1,350,350,8
1,350,350,9
1,350,350,10
1,350,350,11
1,350,350,12
1,350,350,13
1,350,350,14
1,350,350,16
1,350,350,17
1,350,350,18
1,350,350,19
1,350,350,20
1,350,350,21
1,350,350,23
1,350,350,24
1,350,350,27
1,350,350,28
1,350,350,29
1,350,350,30
1,350,350,31
1,350,350,32
1,350,350,33
1,350,350,34
1,350,350,35
1,350,350,36
1,350,350,37
1,350,350,38
1,350,350,39
1,350,350,40
1,350,350,41
1,350,350,42
1,350,350,45
1,350,350,46
1,350,350,47
1,350,350,48
1,350,350,49
1,350,350,50
1,350,350,51
1,350,350,52
1,350,350,53
1,350,350,54
1,350,350,55
1,350,350,56
1,350,350,57
1,350,350,58
1,350,350,59
1,350,350,60
1,350,350,61
1,350,350,62
1,350,350,63
1,350,350,64
1,350,350,65
1,350,350,66
1,350,350,68
1,350,350,69
1,350,350,70
1,350,350,71
1,350,350,72
1,350,350,73
1,350,350,74
1,350,350,75
1,350,350,77
1,350,350,78
1,350,350,79
1,350,350,80
1,350,350,81
1,350,350,82
1,350,350,83
1,350,350,84
1,350,350,85
1,350,350,86
1,350,350,87
1,350,350,88
1,350,350,89
1,350,350,90
1,350,350,91
1,350,350,92
1,350,350,93
1,350,350,94
1,350,350,95
1,350,350,96
1,350,350,97
1,350,350,98
1,350,350,99
1,350,350,100
1,350,350,101
1,350,350,102
1,350,350,103
1,350,350,104
1,350,350,105
1,350,350,107
1,350,350,108
1,350,350,109
1,350,350,110
1,350,350,111
1,350,350,112
1,350,350,113
1,350,350,114
1,350,350,115
1,350,350,116
1,350,350,117
1,350,350,118
1,350,350,119
1,350,350,120
1,350,350,121
1,350,350,122
1,350,350,123
1,350,350,124
1,350,350,125
1,350,350,126
1,350,350,127
1,350,350,128
1,350,350,129
1,350,350,130
1,350,350,131
1,350,350,132
1,350,350,133
1,350,350,134
1,350,350,135
1,350,350,136
1,350,350,137
1,350,350,138
1,350,350,139
1,350,350,140
1,350,350,141
1,350,350,142
1,350,350,143
1,350,350,144
1,350,350,145
1,350,350,146
1,350,350,147
1,350,350,148
1,350,350,149
1,350,350,150
1,350,350,151
1,350,350,152
1,350,350,153
1,350,350,154
1,350,350,155
1,350,350,156
1,350,350,157
1,350,350,158
1,350,350,159
1,350,350,160
1,350,350,161
1,350,350,13058
1,350,350,39010
1,350,350,51170
1,350,350,72813
1,350,350,90343
1,350,350,91111
1,350,350,92091
1,350,350,92383
1,350,350,94795
1,350,350,95072
1,350,350,95386
1,350,350,95807
1,350,350,95814
1,350,350,96383
1,350,350,96402
1,350,350,96403
1,350,350,96408
1,350,350,96448
1,350,350,96474
1,350,350,96585
1,350,350,96601
1,350,350,96616
1,350,350,96617
1,350,350,96628
1,350,350,96660
1,350,350,96688
1,350,350,96711
1,350,350,96722
1,350,350,96751
1,350,350,96768
1,350,350,96781
1,350,350,96782
1,350,350,96811
1,350,350,96874
1,350,350,96885
1,350,350,96910
1,350,350,97030
1,350,350,97053
1,350,350,97061
1,350,350,97086
1,350,350,97107
1,350,350,97133
1,350,350,97178
1,350,350,97320
1,350,350,97327
1,350,350,97494
1,350,350,97545
1,350,350,97554
1,350,350,97629
1,350,350,97663
1,350,350,97675
1,350,350,97724
1,350,350,97736
1,350,350,97756
1,350,350,97821
1,350,350,97859
1,350,350,97870
1,350,350,97925
1,350,350,98085
1,350,350,98123
1,350,350,98141
1,350,350,98164
1,350,350,98193
1,350,350,98238
1,350,350,98254
1,350,350,98260
1,350,350,98266
1,350,350,98304
1,350,350,98313
1,350,350,98342
1,350,350,98362
1,350,350,98368
1,350,350,98386
1,350,350,98440
1,350,350,98459
1,350,350,98475
1,350,350,98509
1,350,350,98537
1,350,350,98540
1,350,350,98541
1,350,350,98579
1,350,350,98584
1,350,350,98590
1,350,350,98630
1,350,350,98638
1,350,350,98650
1,350,350,98678
1,350,350,98688
1,350,350,98715
1,350,350,98724
1,350,350,98726
1,350,350,98769
1,350,350,98778
1,350,350,98793
1,350,350,98796
1,350,350,98831
1,350,350,98840
1,350,350,98860
1,350,350,98862
1,350,350,98863
1,350,350,98898
1,350,350,98900
1,350,350,98941
1,350,350,98946
1,350,350,98972
1,350,350,98976
1,350,350,98988
1,350,350,99008
1,350,350,99012
1,350,350,99013
1,350,350,99014
1,350,350,99022
1,350,350,99030
1,350,350,99031
1,350,350,99042
1,350,350,99044
1,350,350,99050
1,350,350,99057
1,350,350,99067
1,350,350,99080
1,350,350,99083
1,350,350,99085
1,350,350,99088
1,350,350,99091
1,350,350,99093
1,350,350,99098
1,350,350,99100
1,350,350,99103
1,350,350,99106
1,350,350,99110
1,350,350,99111
1,350,350,99112
1,350,350,99113
1,350,350,99115
1,350,350,99120
1,350,350,99127
1,350,350,99132
1,350,350,99139
1,350,350,99141
1,350,350,99147
1,350,350,99150
1,350,350,99154
1,350,350,99156
1,350,350,99162
1,350,350,99165
1,350,350,99167
1,350,350,99171
1,350,350,99173
1,350,350,99176
1,350,350,99182
1,350,350,99183
1,350,350,99184
1,350,350,99187
1,350,350,99188
1,350,350,99190
1,350,350,99194
1,350,350,99203
1,350,350,99206
1,350,350,99207
1,350,350,99210
1,350,350,99211
1,350,350,99213
1,350,350,99216
1,350,350,99221
1,350,350,99222
1,350,350,99223
1,350,350,99225
1,350,350,99226
1,350,350,99227
1,350,350,99230
1,350,350,99231
1,350,350,99232
1,350,350,99234
1,350,350,99235
1,350,350,99237
1,350,350,99240
1,350,350,99245
1,350,350,99248
1,350,350,99257
1,350,350,99261
1,350,350,99262
1,350,350,99263
1,350,350,99268
1,350,350,99271
1,350,350,99276
1,350,350,99277
1,350,350,99279
1,350,350,99280
1,350,350,99282
1,350,350,99283
1,350,350,99289
1,350,350,99300
1,350,350,99303
1,350,350,99305
1,350,350,99318
1,350,350,99319
1,350,350,99323
1,350,350,99325
1,350,350,99326
1,350,350,99328
1,350,350,99330
1,350,350,99344
1,350,350,99346
1,350,350,99351
1,350,350,99352
1,350,350,99356
1,350,350,99357
1,350,350,99358
1,350,350,99361
1,350,350,99362
1,350,350,99364
1,350,350,99365
1,350,350,99371
1,350,350,99372
1,350,350,99373
1,350,350,99376
1,350,350,99377
1,350,350,99378
1,350,350,99381
1,350,350,99385
1,350,350,99389
1,350,350,99395
1,350,350,99398
1,350,350,99401
1,350,350,99412
1,350,350,99414
1,350,350,99415
1,350,350,99417
1,350,350,99418
1,350,350,99421
1,350,350,99422
1,350,350,99428
1,350,350,99432
1,350,350,99433
1,350,350,99434
1,350,350,99436
1,350,350,99439
1,350,350,99440
1,350,350,99456
1,350,350,99460
1,350,350,99461
1,350,350,99462
1,350,350,99463
1,350,350,99468
1,350,350,99470
1,350,350,99473
1,350,350,99476
1,350,350,99477
1,350,350,99482
1,350,350,99483
1,350,350,99485
1,350,350,99489
1,350,350,99495
1,350,350,99496
1,350,350,99499
1,350,350,99501
1,350,350,99502
1,350,350,99504
1,350,350,99505
1,350,350,99507
1,350,350,99508
1,350,350,99509
1,350,350,99511
1,350,350,99521
1,350,350,99524
1,350,350,99526
1,350,350,99527
1,350,350,99529
1,350,350,99531
1,350,350,99532
1,350,350,99537
1,350,350,99538
1,350,350,99539
1,350,350,99541
1,350,350,99543
1,350,350,99545
1,350,350,99546
1,350,350,99547
1,350,350,99548
1,350,350,99554
1,350,350,99555
1,350,350,99559
1,350,350,99563
1,350,350,99564
1,350,350,99566
1,350,350,99567
1,350,350,99572
1,350,350,99573
1,350,350,99575
1,350,350,99576
1,350,350,99578
1,350,350,99581
1,350,350,99582
1,350,350,99583
1,350,350,99598
1,350,350,99599
1,350,350,99600
1,350,350,99601
1,350,350,99602
1,350,350,99603
1,350,350,99604
1,350,350,99608
1,350,350,99609
1,350,350,99610
1,350,350,99611
1,350,350,99612
1,350,350,99614
1,350,350,99615
1,350,350,99617
1,350,350,99618
1,350,350,99619
1,350,350,99620
1,350,350,99621
1,350,350,99622
1,350,350,99624
1,350,350,99625
1,350,350,99626
1,350,350,99627
1,350,350,99628
1,350,350,99630
1,350,350,99631
1,350,350,99633
1,350,350,99637
1,350,350,99640
1,350,350,99641
1,350,350,99644
1,350,350,99647
1,350,350,99654
1,350,350,99656
1,350,350,99657
1,350,350,99658
1,350,350,99661
1,350,350,99662
1,350,350,99663
1,350,350,99664
1,350,350,99666
1,350,350,99668
1,350,350,99670
1,350,350,99672
1,350,350,99674
1,350,350,99675
1,350,350,99676
1,350,350,99677
1,350,350,99681
1,350,350,99682
1,350,350,99683
1,350,350,99689
1,350,350,99691
1,350,350,99692
1,350,350,99694
1,350,350,99699
1,350,350,99700
1,350,350,99701
1,350,350,99704
1,350,350,99705
1,350,350,99706
1,350,350,99707
1,350,350,99708
1,350,350,99709
1,350,350,99712
1,350,350,99716
1,350,350,99717
1,350,350,99719
1,350,350,99720
1,350,350,99722
1,350,350,99723
1,350,350,99724
1,350,350,99725
1,350,350,99726
1,350,350,99727
1,350,350,99728
1,350,350,99729
1,350,350,99730
1,350,350,99731
1,350,350,99732
1,350,350,99733
1,350,350,99736
1,350,350,99739
1,350,350,99740
1,350,350,99741
1,350,350,99742
1,350,350,99744
1,350,350,99747
1,350,350,99749
1,350,350,99751
1,350,350,99752
1,350,350,99754
1,350,350,99755
1,350,350,99758
1,350,350,99759
1,350,350,99760
1,350,350,99763
1,350,350,99765
1,350,350,99766
1,350,350,99768
1,350,350,99769
1,350,350,99770
1,350,350,99771
1,350,350,99772
1,350,350,99773
1,350,350,99774
1,350,350,99776
1,350,350,99777
1,350,350,99778
1,350,350,99779
1,350,350,99781
1,350,350,99785
1,350,350,99786
1,350,350,99787
1,350,350,99788
1,350,350,99789
1,350,350,99790
1,350,350,99792
1,350,350,99793
1,350,350,99794
1,350,350,99797
1,350,350,99798
1,350,350,99802
1,350,350,99804
1,350,350,99805
1,350,350,99806
1,350,350,99807
1,350,350,99808
1,350,350,99810
1,350,350,99812
1,350,350,99813
1,350,350,99815
1,350,350,99818
1,350,350,99819
1,350,350,99820
1,350,350,99821
1,350,350,99822
1,350,350,99825
1,350,350,99826
1,350,350,99827
1,350,350,99829
1,350,350,99831
1,350,350,99832
1,350,350,99833
1,350,350,99834
1,350,350,99835
1,350,350,99838
1,350,350,99841
1,350,350,99844
1,350,350,99845
1,350,350,99846
1,350,350,99847
1,350,350,99848
1,350,350,99850
1,350,350,99851
1,350,350,99852
1,350,350,99853
1,350,350,99854
1,350,350,99855
1,350,350,99857
1,350,350,99858
1,350,350,99859
1,350,350,99860
1,350,350,99861
1,350,350,99862
1,350,350,99863
1,350,350,99865
1,350,350,99866
1,350,350,99868
1,350,350,99869
1,350,350,99871
1,350,350,99872
1,350,350,99873
1,350,350,99874
1,350,350,99875
1,350,350,99876
1,350,350,99877
1,350,350,99878
1,350,350,99879
1,350,350,99881
1,350,350,99883
1,350,350,99884
1,350,350,99886
1,350,350,99887
1,350,350,99889
1,350,350,99890
1,350,350,99892
1,350,350,99894
1,350,350,99895
1,350,350,99896
1,350,350,99897
1,350,350,99898
1,350,350,99899
1,350,350,99900
1,350,350,99901
1,350,350,99902
1,350,350,99903
1,350,350,99905
1,350,350,99906
1,350,350,99908
1,350,350,99909
1,350,350,99911
1,350,350,99914
1,350,350,99915
1,350,350,99916
1,350,350,99917
1,350,350,99921
1,350,350,99922
1,350,350,99923
1,350,350,99924
1,350,350,99925
1,350,350,99926
1,350,350,99927
1,350,350,99928
1,350,350,99929
1,350,350,99930
1,350,350,99932
1,350,350,99934
1,350,350,99935
1,350,350,99936
1,350,350,99937
1,350,350,99938
1,350,350,99940
1,350,350,99942
1,350,350,99943
1,350,350,99944
1,350,350,99945
1,350,350,99946
1,350,350,99947
1,350,350,99948
1,350,350,99949
1,350,350,99950
1,350,350,99951
1,350,350,99954
1,350,350,99955
1,350,350,99956
1,350,350,99958
1,350,350,99960
1,350,350,99961
1,350,350,99962
1,350,350,99963
1,350,350,99967
1,350,350,99969
1,350,350,99971
1,350,350,99972
1,350,350,99975
1,350,350,99976
1,350,350,99977
1,350,350,99979
1,350,350,99980
1,350,350,99981
1,350,350,99982
1,350,350,99983
1,350,350,99985
1,350,350,99986
1,350,350,99987
1,350,350,99988
1,350,350,99990
1,350,350,99991
1,350,350,99992
1,350,350,99993
1,350,350,99994
1,350,350,99995
1,350,350,99996
1,350,350,99998
1,350,350,99999
